train,Backstroke,back-1-of-41,150
train,Backstroke,back-10-of-41,150
train,Backstroke,back-11-of-41,150
train,Backstroke,back-12-of-41,150
train,Backstroke,back-13-of-41,150
train,Backstroke,back-14-of-41,150
train,Backstroke,back-15-of-41,150
train,Backstroke,back-16-of-41,150
train,Backstroke,back-17-of-41,150
train,Backstroke,back-18-of-41,150
train,Backstroke,back-19-of-41,150
train,Backstroke,back-2-of-41,150
train,Backstroke,back-20-of-41,150
train,Backstroke,back-21-of-41,150
train,Backstroke,back-22-of-41,150
train,Backstroke,back-23-of-41,150
train,Backstroke,back-24-of-41,150
train,Backstroke,back-25-of-41,150
train,Backstroke,back-26-of-41,150
train,Backstroke,back-27-of-41,150
train,Backstroke,back-28-of-41,150
train,Backstroke,back-29-of-41,150
train,Backstroke,back-3-of-41,150
train,Backstroke,back-30-of-41,150
train,Backstroke,back-31-of-41,150
train,Backstroke,back-32-of-41,150
train,Backstroke,back-33-of-41,150
train,Backstroke,back-34-of-41,150
train,Backstroke,back-35-of-41,150
train,Backstroke,back-36-of-41,150
train,Backstroke,back-37-of-41,150
train,Backstroke,back-38-of-41,150
train,Backstroke,back-39-of-41,150
train,Backstroke,back-4-of-41,150
train,Backstroke,back-40-of-41,150
train,Backstroke,back-41-of-41,44
train,Backstroke,back-5-of-41,150
train,Backstroke,back-6-of-41,150
train,Backstroke,back-7-of-41,150
train,Backstroke,back-8-of-41,150
train,Backstroke,back-9-of-41,150
train,Breaststroke,breast-1-of-45,150
train,Breaststroke,breast-10-of-45,150
train,Breaststroke,breast-11-of-45,150
train,Breaststroke,breast-12-of-45,150
train,Breaststroke,breast-13-of-45,150
train,Breaststroke,breast-14-of-45,150
train,Breaststroke,breast-15-of-45,150
train,Breaststroke,breast-16-of-45,150
train,Breaststroke,breast-17-of-45,150
train,Breaststroke,breast-18-of-45,150
train,Breaststroke,breast-19-of-45,150
train,Breaststroke,breast-2-of-45,150
train,Breaststroke,breast-20-of-45,150
train,Breaststroke,breast-21-of-45,150
train,Breaststroke,breast-22-of-45,150
train,Breaststroke,breast-23-of-45,150
train,Breaststroke,breast-24-of-45,150
train,Breaststroke,breast-25-of-45,150
train,Breaststroke,breast-26-of-45,150
train,Breaststroke,breast-27-of-45,150
train,Breaststroke,breast-28-of-45,150
train,Breaststroke,breast-29-of-45,150
train,Breaststroke,breast-3-of-45,150
train,Breaststroke,breast-30-of-45,150
train,Breaststroke,breast-31-of-45,150
train,Breaststroke,breast-32-of-45,150
train,Breaststroke,breast-33-of-45,150
train,Breaststroke,breast-34-of-45,150
train,Breaststroke,breast-35-of-45,150
train,Breaststroke,breast-36-of-45,150
train,Breaststroke,breast-37-of-45,150
train,Breaststroke,breast-38-of-45,150
train,Breaststroke,breast-39-of-45,150
train,Breaststroke,breast-4-of-45,150
train,Breaststroke,breast-40-of-45,150
train,Breaststroke,breast-41-of-45,150
train,Breaststroke,breast-42-of-45,150
train,Breaststroke,breast-43-of-45,150
train,Breaststroke,breast-44-of-45,150
train,Breaststroke,breast-45-of-45,138
train,Breaststroke,breast-5-of-45,150
train,Breaststroke,breast-6-of-45,150
train,Breaststroke,breast-7-of-45,150
train,Breaststroke,breast-8-of-45,150
train,Breaststroke,breast-9-of-45,150
train,Freestyle,free-1-of-41,150
train,Freestyle,free-10-of-41,150
train,Freestyle,free-11-of-41,150
train,Freestyle,free-12-of-41,150
train,Freestyle,free-13-of-41,150
train,Freestyle,free-14-of-41,150
train,Freestyle,free-15-of-41,150
train,Freestyle,free-16-of-41,150
train,Freestyle,free-17-of-41,150
train,Freestyle,free-18-of-41,150
train,Freestyle,free-19-of-41,150
train,Freestyle,free-2-of-41,150
train,Freestyle,free-20-of-41,150
train,Freestyle,free-21-of-41,150
train,Freestyle,free-22-of-41,150
train,Freestyle,free-23-of-41,150
train,Freestyle,free-24-of-41,150
train,Freestyle,free-25-of-41,150
train,Freestyle,free-26-of-41,150
train,Freestyle,free-27-of-41,150
train,Freestyle,free-28-of-41,150
train,Freestyle,free-29-of-41,150
train,Freestyle,free-3-of-41,150
train,Freestyle,free-30-of-41,150
train,Freestyle,free-31-of-41,150
train,Freestyle,free-32-of-41,150
train,Freestyle,free-33-of-41,150
train,Freestyle,free-34-of-41,150
train,Freestyle,free-35-of-41,150
train,Freestyle,free-36-of-41,150
train,Freestyle,free-37-of-41,150
train,Freestyle,free-38-of-41,150
train,Freestyle,free-39-of-41,150
train,Freestyle,free-4-of-41,150
train,Freestyle,free-40-of-41,150
train,Freestyle,free-41-of-41,39
train,Freestyle,free-5-of-41,150
train,Freestyle,free-6-of-41,150
train,Freestyle,free-7-of-41,150
train,Freestyle,free-8-of-41,150
train,Freestyle,free-9-of-41,150
test,Backstroke,back-18-of-41,150
test,Backstroke,back-21-of-41,150
test,Backstroke,back-25-of-41,150
test,Backstroke,back-28-of-41,150
test,Backstroke,back-30-of-41,150
test,Backstroke,back-34-of-41,150
test,Backstroke,back-39-of-41,150
test,Backstroke,back-4-of-41,150
test,Backstroke,back-5-of-41,150
test,Backstroke,back-7-of-41,150
test,Breaststroke,breast-11-of-45,150
test,Breaststroke,breast-13-of-45,150
test,Breaststroke,breast-16-of-45,150
test,Breaststroke,breast-2-of-45,150
test,Breaststroke,breast-27-of-45,150
test,Breaststroke,breast-29-of-45,150
test,Breaststroke,breast-31-of-45,150
test,Breaststroke,breast-35-of-45,150
test,Breaststroke,breast-39-of-45,150
test,Breaststroke,breast-9-of-45,150
test,Freestyle,free-13-of-41,150
test,Freestyle,free-16-of-41,150
test,Freestyle,free-17-of-41,150
test,Freestyle,free-20-of-41,150
test,Freestyle,free-21-of-41,150
test,Freestyle,free-24-of-41,150
test,Freestyle,free-29-of-41,150
test,Freestyle,free-3-of-41,150
test,Freestyle,free-31-of-41,150
test,Freestyle,free-41-of-41,39
